<application>
  <component name="ProjectJdkTable">
    <jdk version="2">
      <name value="Python 3.7 (learn1)" />
      <type value="Python SDK" />
      <version value="Python 3.7.6" />
      <homePath value="C:\Users\evgeniy\PycharmProjects\learn1\venv\Scripts\python.exe" />
      <roots>
        <classPath>
          <root type="composite">
            <root url="file://C:/ProgramData/Anaconda3/DLLs" type="simple" />
            <root url="file://C:/ProgramData/Anaconda3/Lib" type="simple" />
            <root url="file://C:/ProgramData/Anaconda3" type="simple" />
            <root url="file://$USER_HOME$/PycharmProjects/learn1/venv" type="simple" />
            <root url="file://$USER_HOME$/PycharmProjects/learn1/venv/Lib/site-packages" type="simple" />
            <root url="jar://$USER_HOME$/PycharmProjects/learn1/venv/Lib/site-packages/setuptools-40.8.0-py3.7.egg!/" type="simple" />
            <root url="file://$USER_HOME$/PycharmProjects/learn1/venv/Lib/site-packages/pip-19.0.3-py3.7.egg" type="simple" />
            <root url="file://$USER_HOME$/.PyCharmCE2019.2/system/python_stubs/-765773917" type="simple" />
            <root url="file://$APPLICATION_HOME_DIR$/helpers/python-skeletons" type="simple" />
            <root url="file://$APPLICATION_HOME_DIR$/helpers/typeshed/stdlib/3" type="simple" />
            <root url="file://$APPLICATION_HOME_DIR$/helpers/typeshed/stdlib/2and3" type="simple" />
            <root url="file://$APPLICATION_HOME_DIR$/helpers/typeshed/third_party/3" type="simple" />
            <root url="file://$APPLICATION_HOME_DIR$/helpers/typeshed/third_party/2and3" type="simple" />
          </root>
        </classPath>
        <sourcePath>
          <root type="composite" />
        </sourcePath>
      </roots>
      <additional ASSOCIATED_PROJECT_PATH="$USER_HOME$/PycharmProjects/learn1" />
    </jdk>
    <jdk version="2">
      <name value="Python 3.7 (testFlaskProject)" />
      <type value="Python SDK" />
      <version value="Python 3.7.6" />
      <homePath value="C:\Users\evgeniy\PycharmProjects\testFlaskProject\venv\Scripts\python.exe" />
      <roots>
        <classPath>
          <root type="composite">
            <root url="file://C:/ProgramData/Anaconda3/DLLs" type="simple" />
            <root url="file://C:/ProgramData/Anaconda3/Lib" type="simple" />
            <root url="file://C:/ProgramData/Anaconda3" type="simple" />
            <root url="file://$USER_HOME$/PycharmProjects/testFlaskProject/venv" type="simple" />
            <root url="file://$USER_HOME$/PycharmProjects/testFlaskProject/venv/Lib/site-packages" type="simple" />
            <root url="jar://$USER_HOME$/PycharmProjects/testFlaskProject/venv/Lib/site-packages/setuptools-40.8.0-py3.7.egg!/" type="simple" />
            <root url="file://$USER_HOME$/PycharmProjects/testFlaskProject/venv/Lib/site-packages/pip-19.0.3-py3.7.egg" type="simple" />
            <root url="file://$USER_HOME$/.PyCharmCE2019.2/system/python_stubs/1949883918" type="simple" />
            <root url="file://$APPLICATION_HOME_DIR$/helpers/python-skeletons" type="simple" />
            <root url="file://$APPLICATION_HOME_DIR$/helpers/typeshed/stdlib/3" type="simple" />
            <root url="file://$APPLICATION_HOME_DIR$/helpers/typeshed/stdlib/2and3" type="simple" />
            <root url="file://$APPLICATION_HOME_DIR$/helpers/typeshed/third_party/3" type="simple" />
            <root url="file://$APPLICATION_HOME_DIR$/helpers/typeshed/third_party/2and3" type="simple" />
          </root>
        </classPath>
        <sourcePath>
          <root type="composite" />
        </sourcePath>
      </roots>
      <additional ASSOCIATED_PROJECT_PATH="$USER_HOME$/PycharmProjects/testFlaskProject" />
    </jdk>
  </component>
</application>